pid,label
54615,0
53768,0
26567,0
4028,0
5145,1
24976,0
31364,0
64467,0
74779,0
59916,1
1473,0
9260,0
41018,0
63838,1
14506,0
6768,0
35983,0
75772,0
46732,0
39742,0
7298,1
69918,0
8180,0
7475,1
40221,0
64426,1
40850,0
9104,1
32000,0
24068,1
9464,0
24510,0
26106,0
61616,0
36539,1
37857,0
12177,1
25789,1
22084,0
44782,1
13866,1
801,1
31445,0
11300,1
285,0
42112,1
61336,0
57230,0
53487,0
4366,0
25092,0
45535,0
18381,0
1780,0
13293,0
60040,0
18764,1
3376,0
4647,1
72368,1
31713,0
57477,0
7614,0
73026,0
27282,1
22639,0
38804,0
6647,0
24845,0
13469,1
27765,0
26048,1
3866,0
4053,1
1518,1
164,1
6263,0
73351,0
6575,1
1570,0
9172,0
63057,0
32092,1
34576,0
75037,0
5618,0
62559,0
61868,0
70720,0
34558,0
22436,1
4821,1
17916,0
34761,0
53822,0
46909,1
19907,0
41079,0
227,1
66564,0
113,1
20240,0
37699,0
16653,0
23764,0
3205,0
47998,0
13332,0
59442,0
41222,0
3285,0
14714,0
59829,0
11856,0
45539,1
15367,0
56847,0
60509,1
52815,0
1472,0
41119,1
11181,0
63950,0
54905,1
709,0
38553,0
41394,0
40023,0
73840,1
28964,0
2257,0
5847,1
52669,1
20850,0
21825,0
34367,0
54650,0
63877,0
36278,0
74550,0
32866,0
18896,0
990,0
7403,0
27137,0
2608,0
21402,1
76217,1
15779,0
465,1
76087,0
42143,1
23378,1
72926,1
14242,1
7669,0
37391,0
240,0
13600,0
41736,0
63849,0
39357,0
33940,0
23988,0
1614,1
13072,1
31105,1
38016,0
7840,0
14182,1
27027,0
41260,0
72735,1
6032,0
47883,0
53318,1
21620,0
32795,0
48725,0
17678,0
70475,0
12141,1
37571,0
48928,0
29167,0
32590,0
31566,0
8504,0
26886,1
8706,0
40497,1
9152,0
44064,0
9101,0
11247,1
37221,1
71970,0
74894,0
19726,0
8252,0
1005,0
54069,0
41559,0
63411,1
44841,0
17577,0
6105,1
45930,0
7106,1
76113,0
15855,0
35952,1
55569,1
49718,0
42402,0
8665,1
41731,0
20923,0
4946,0
2327,0
53676,0
19158,1
3179,0
33441,0
8059,0
7616,1
4533,0
3152,0
70773,0
10283,1
42670,0
3933,0
62786,1
9654,1
4812,0
56917,0
6867,0
24259,0
65075,1
51838,0
7817,0
6309,0
44432,0
35944,0
41336,0
65236,0
8809,0
21968,0
32758,1
19335,0
19858,0
36610,1
51335,0
38655,0
58773,0
56819,0
58626,0
1579,0
6395,1
62427,0
9179,1
29954,1
74208,1
48050,0
12841,1
56065,0
1465,0
3066,0
20284,0
60632,0
42234,0
74672,0
60683,0
32198,0
46465,0
13007,0
74870,0
1188,0
26420,0
42097,0
35255,0
10614,0
47788,0
58809,0
1716,1
151,0
14455,1
54600,1
9946,1
3802,0
55737,0
6882,0
40976,0
30551,0
6319,0
31041,1
5052,0
3684,0
36556,1
6132,0
37582,1
50066,0
25245,0
16802,0
6009,1
61517,1
3555,0
43888,0
14389,0
5381,1
18663,0
65853,0
75430,0
50022,0
20261,0
33541,0
74993,0
22042,0
10603,0
21162,0
20635,0
4117,0
919,0
58955,0
27965,0
40952,0
25604,0
43432,1
8694,1
42270,0
13114,1
16560,0
38907,1
46259,1
14724,0
32884,1
3538,0
45541,1
8940,1
54286,0
23622,1
45848,0
4738,0
22240,1
66911,0
16265,0
12663,0
49364,0
73349,0
35687,0
35421,0
8306,0
21793,1
41009,1
38966,1
33965,0
17831,0
28631,1
44301,0
46369,0
10273,1
52105,0
62440,0
5016,0
7598,0
3536,0
4406,0
30217,0
54976,0
30000,0
34150,0
5937,1
4856,0
12070,0
1381,0
28345,1
53203,0
60925,0
47794,0
36079,0
15668,1
12136,1
46598,0
69325,0
34511,1
70599,0
1048,0
47765,1
3981,0
68730,0
16379,1
10813,1
487,0
67580,0
3386,0
11321,0
19050,1
32787,0
25359,0
65888,0
26157,1
63168,1
65278,0
5166,0
10143,0
2042,0
11706,1
3061,1
63162,1
13241,0
53539,0
8591,0
63176,0
24553,0
30790,1
999,0
31858,0
12770,0
918,0
30216,0
15284,0
26965,0
38885,0
19485,0
17862,1
62235,0
33610,0
13391,1
21935,1
61303,0
4877,0
4436,1
15615,1
3094,1
32642,0
2456,0
51497,0
4010,0
30079,0
9277,1
2543,0
71103,0
38776,0
3496,0
73500,1
6254,1
39191,1
21067,1
47447,0
10180,1
48907,0
62533,0
9064,0
21169,1
66284,0
66794,0
5367,0
55621,0
19949,0
32477,0
53194,0
13916,0
53828,1
20515,0
34796,1
13135,0
9004,0
18348,0
292,0
58468,0
48937,0
42943,0
47523,1
14938,0
74202,0
16237,0
61160,0
57808,1
25252,0
49812,0
6035,0
16773,0
15872,0
8689,0
38061,0
21388,0
26810,0
2846,0
42978,0
11199,0
66302,0
71681,0
6596,0
39355,0
17028,1
13502,1
44611,1
5486,1
19224,0
63873,0
56380,1
63755,0
40229,1
33116,0
26287,0
7073,0
31458,0
7588,0
13779,0
27325,0
40508,0
42386,0
62616,0
71965,0
41537,0
68940,0
3935,0
12698,0
21783,0
23803,0
53012,0
62416,0
29116,0
18886,0
1525,0
71889,0
72998,0
15660,0
20378,0
57268,0
56641,0
12935,1
26320,0
33422,0
17053,0
35037,0
45511,0
13917,0
55666,0
2480,0
10378,0
2140,0
35999,1
29112,0
25025,0
27356,1
33776,0
7033,1
29130,0
23067,0
9708,0
9925,1
9125,0
8545,1
63379,0
14926,0
26626,0
69002,0
2622,0
3660,1
22030,0
12975,0
10490,1
14645,0
37005,1
2071,0
20494,0
7862,0
30505,0
23797,0
13499,1
6695,0
51839,0
57358,0
53674,0
17917,0
3878,0
60382,1
60137,0
71188,0
58623,0
73473,0
12940,0
43226,0
6708,1
11941,0
1705,0
36246,1
46716,0
67735,0
34798,0
39438,0
30746,0
333,0
65964,1
4008,1
11326,0
59450,0
37971,0
31196,1
6050,0
16548,0
48576,1
9962,0
29265,0
69452,1
58403,0
38000,0
71383,0
5876,1
43841,0
69328,1
58611,0
22568,0
75759,1
57818,0
66742,0
44797,0
16511,1
40795,0
6544,1
34974,0
15076,0
67273,0
5142,0
16258,0
37362,1
26130,1
56260,0
70012,1
7692,0
21232,0
5736,1
61925,1
41979,0
53710,0
28440,0
52887,0
68534,0
20325,0
71729,0
67600,0
46693,0
56003,0
60439,1
3578,1
64189,0
5003,1
47949,0
71311,0
2429,0
22820,0
15545,0
46641,0
37616,1
51493,0
26813,0
56207,1
52175,0
17228,0
33777,1
24725,0
7545,0
9536,1
74499,0
910,0
7648,1
38463,0
67843,0
44805,0
2556,0
5024,0
39805,1
39427,1
11058,0
4180,0
35666,1
58658,1
57366,0
42499,0
52119,0
22324,0
38839,1
477,0
40800,0
22610,0
10321,1
51709,0
4206,0
12970,1
67027,1
68114,0
38718,0
23982,0
40968,0
11500,0
58398,0
64841,0
63283,0
70675,0
23534,0
68912,0
37610,0
41097,0
20216,0
11495,0
42497,1
54182,0
61073,0
40170,0
7228,1
52972,0
68192,0
18236,0
57513,1
2801,1
58663,0
38175,0
45034,1
24436,0
13027,0
68529,0
13961,1
21999,0
42350,1
4000,0
68411,0
18013,0
67000,1
24834,0
7755,0
13226,0
16178,0
9023,0
31207,0
4718,0
17020,0
60651,0
66857,0
9087,1
10308,0
14144,0
5726,0
46882,1
8084,0
28026,1
68299,0
22662,0
28924,1
4777,0
57087,0
46231,0
62029,0
28002,0
37272,0
65330,0
13533,0
15018,0
1729,0
65291,0
13720,0
2585,0
48736,0
14634,0
3709,0
74637,1
56865,1
5232,0
4573,0
26905,0
34971,0
65302,0
583,0
48714,0
10835,1
31830,1
51485,0
71540,1
66162,0
13487,0
70062,0
795,0
40198,0
61023,0
42047,0
39152,0
24138,1
30145,0
30752,0
22350,0
44476,0
63256,1
14468,0
8702,1
26183,1
33640,0
71153,0
3942,0
1790,0
11505,0
51931,0
54652,0
59267,1
22499,0
708,0
68727,0
37785,1
20388,0
20981,0
46015,0
517,1
12887,0
10961,0
13181,0
11003,0
9855,1
61300,1
23189,1
9985,0
17338,1
16945,1
17202,0
2378,0
11056,0
32891,1
75623,1
73112,0
14307,0
8724,0
51849,0
11260,0
63153,1
19422,0
58659,1
59875,0
26085,0
38119,0
29384,0
20012,0
68800,0
36926,1
74552,1
64976,0
3170,1
6029,0
8603,0
23740,0
4633,1
36233,0
6323,0
43861,0
64150,0
7283,0
45815,0
51769,1
13778,0
4863,0
7769,0
26794,0
10128,0
56474,1
2771,0
19597,0
2539,0
24742,1
4426,0
65650,1
39835,0
396,0
64567,1
73800,0
35771,0
41565,0
43275,0
953,0
11955,0
9408,1
13843,0
10207,0
9040,0
18318,1
60422,0
51511,0
64805,0
30404,0
203,1
1089,0
28333,0
69509,0
7748,1
6200,1
33901,0
72895,0
47164,0
40659,0
13596,0
46954,0
20313,1
11200,1
32184,0
51498,0
12153,0
52285,0
32597,0
38793,0
40022,0
67302,0
43767,1
41028,1
26971,0
50016,0
8208,0
44985,1
39852,0
61579,0
20013,0
878,0
67847,0
14585,1
47902,0
42647,1
5375,0
32937,1
62955,0
11952,0
13535,0
18093,0
8787,0
30354,0
31743,0
1451,1
42615,1
20410,1
1204,0
1925,0
26675,1
28042,0
64062,0
50511,1
802,0
69565,0
7161,0
1972,1
51482,0
315,0
50886,0
19000,0
15626,0
32830,0
38862,1
36195,0
28343,1
58885,0
10569,1
52564,1
25844,0
56951,0
3764,0
2658,0
1061,0
18528,0
22158,0
39346,0
39710,0
24410,0
20073,0
8436,0
66318,0
68246,0
39607,0
50422,0
29019,0
16957,0
76215,0
27970,0
30847,1
75414,0
546,0
2081,0
53377,0
6658,1
34344,0
58727,1
13854,0
28605,1
43447,1
27670,1
40427,0
62674,0
15467,0
54893,0
4925,0
1254,0
45396,1
58976,0
2726,0
29202,0
41189,1
23653,0
15756,0
56465,1
17826,0
49512,0
28452,0
32650,0
59315,0
14832,0
36747,0
30755,0
330,0
18923,1
3565,0
74952,1
49816,1
1332,0
73828,1
44104,0
12191,0
19985,1
28239,0
6300,0
16829,0
21743,0
11282,1
4110,0
4438,1
3373,1
50005,0
56593,0
75294,0
46245,0
42408,0
55430,1
2789,0
8834,0
8914,0
16200,0
53713,0
47628,1
6631,0
65830,0
35147,0
39557,0
34607,1
10121,1
19529,0
59765,0
10432,0
52368,0
34973,1
31770,0
6202,1
65432,0
67075,0
40441,0
62296,0
3877,0
6973,0
33446,0
36264,0
49259,1
63635,0
12308,0
10716,1
59846,0
25099,0
43431,0
71427,0
16745,0
47632,0
15484,0
7572,1
64490,0
50098,0
41057,0
37631,0
74181,1
37522,0
72309,0
8958,0
67236,0
64100,0
54497,1
23518,1
54836,0
35181,0
70355,0
69310,0
40111,0
12261,0
68223,0
14858,0
32727,0
6680,1
13242,1
19465,0
31841,0
3548,0
54064,0
3865,0
21819,0
23060,1
35483,0
21767,0
14341,0
34181,0
35928,0
27289,0
17727,0
36799,1
3953,0
60318,0
32918,0
71963,0
71015,0
9555,0
72927,0
68578,0
58977,0
8597,0
75776,1
1379,0
24930,0
39727,0
2355,0
26704,0
45625,0
37660,0
59324,0
10131,1
10239,0
10995,0
61423,0
32842,1
64713,1
40628,1
18668,0
65396,1
63374,0
5590,0
8062,1
12066,1
7965,0
36602,0
29772,0
6415,0
29061,1
15973,0
27110,0
19430,0
23085,0
2815,0
60777,0
55646,0
61985,1
38003,0
45023,1
21588,0
7092,0
43977,1
28988,1
24328,0
72969,0
1779,0
48772,1
40397,0
5757,0
31511,1
24402,1
3987,0
4962,0
44292,0
55538,0
54664,0
2360,1
36994,0
45218,0
17824,0
4253,1
34025,1
66152,0
752,0
69231,0
11767,1
34781,0
12824,0
24664,0
3694,0
54123,0
51319,0
4260,0
12170,1
409,1
57098,1
53304,0
60136,0
410,0
61888,0
58644,1
7990,1
395,1
2929,0
189,0
43374,1
8649,0
41196,0
72855,1
76131,0
64783,1
6070,0
36441,0
7056,1
31628,0
75181,0
10186,0
16717,0
13259,1
53499,1
14689,1
3822,0
33700,0
55993,0
21252,0
2828,0
73588,1
23959,1
18520,0
2750,0
41434,1
4410,0
68300,0
33183,1
28048,0
69690,1
2592,0
47672,0
61100,0
13377,1
2263,0
55320,0
25764,1
10331,1
38680,0
41958,0
14611,0
70935,0
44337,0
11793,1
29654,0
71078,1
45922,1
8790,0
46902,1
74118,0
46185,1
40272,0
11481,0
402,1
13747,1
14458,0
3092,0
74853,0
38759,0
577,0
47673,0
25523,0
27256,0
11506,1
24132,0
25498,0
11570,1
74111,0
26657,0
70128,0
350,0
75886,0
10546,0
1580,0
44092,0
36346,0
7826,0
17720,0
55388,1
42353,1
15967,0
44976,0
51877,0
42938,1
10234,0
63899,1
17870,0
15315,0
8219,0
66102,0
75204,1
65137,0
69406,1
14002,1
69295,1
38949,0
29723,0
12898,0
45572,0
50517,0
26606,1
44516,0
5745,1
1888,1
38699,1
22396,0
5798,1
699,0
53562,0
70783,0
16373,0
1615,0
22901,1
31895,0
57852,0
3089,0
67492,0
7433,0
355,0
17911,1
22759,1
17932,0
3784,0
3817,0
48996,0
4568,0
16709,0
72464,1
44906,0
37838,0
2617,0
62681,0
22168,0
54666,0
2288,0
63294,0
10235,1
8381,1
54297,0
36980,0
9556,0
11159,0
47762,0
37813,0
35582,0
20577,0
16556,0
41382,1
7197,0
28394,1
67149,1
55511,0
50894,0
14769,0
17557,0
6214,0
11443,0
34306,1
7843,0
39408,0
27383,0
13104,0
2639,0
16338,1
13624,0
37068,0
4898,0
810,0
43454,1
95,0
48418,0
7786,1
43607,0
52796,1
15557,0
5983,1
57746,1
27473,0
10141,1
72353,0
41148,0
59005,1
67435,1
62845,1
21032,0
9856,0
59346,0
5255,1
52547,0
42148,0
25527,0
52012,0
71298,0
4001,1
19367,1
29592,0
18256,1
4538,0
12001,0
21916,1
51288,0
29392,0
14004,1
9795,0
64126,1
10903,1
61406,1
48178,0
40905,0
23363,0
41108,0
13580,0
19885,0
903,0
51236,0
73580,0
30624,1
33858,1
19631,0
17707,0
49706,0
37621,0
405,0
8715,0
34717,0
13618,0
41199,1
60541,0
54243,0
2230,0
65701,0
53877,0
27719,0
18137,0
38259,1
8243,0
73713,0
64623,0
73697,0
25862,1
27375,0
47445,0
48912,0
66165,0
2200,1
1361,0
259,0
56662,0
54911,0
12670,0
25772,1
11366,0
4401,0
3353,0
1993,0
1409,0
18118,1
44633,0
29070,0
48322,0
1775,0
10374,0
8842,0
33686,0
12208,0
40532,0
43179,0
55841,1
75503,1
25590,1
51667,1
2441,0
28678,0
55892,1
57655,0
56959,0
76147,0
41567,1
2785,1
26561,0
33418,0
9337,0
54116,1
4270,0
32221,1
45311,0
15360,0
12591,0
17155,0
35104,1
38095,0
6930,0
33735,0
4909,0
3382,0
28661,0
34904,1
56614,0
31748,0
44576,1
43957,0
890,0
46760,0
2093,0
48492,0
25162,0
3969,0
11537,0
22133,1
72242,0
2115,0
8942,0
35589,0
34608,0
8343,0
41807,0
25851,0
26273,0
51447,0
10289,0
43515,0
39533,0
2763,0
31643,0
25929,0
13366,0
9914,0
47724,0
31537,0
64473,1
34163,0
70600,1
44352,0
19833,1
46587,0
42166,0
29495,0
10567,0
34313,0
41950,0
58493,0
42169,0
17459,0
2363,0
13851,0
14040,0
51966,0
381,0
18810,1
3167,0
1866,0
27725,0
43154,0
73282,0
20255,0
33367,1
24952,0
25394,0
56601,0
13340,0
71819,0
9000,0
65955,0
40915,0
42668,1
52400,0
29113,1
30,0
4526,1
53331,0
51035,0
30660,1
71380,0
35865,0
70756,0
63169,1
20942,0
14421,0
19590,0
16484,0
18388,1
2290,0
6651,0
46162,0
16811,0
38956,0
14343,1
6350,0
45566,0
53111,1
48919,0
63904,1
51743,0
48542,0
58664,1
41188,0
49547,0
37374,0
52639,0
36739,0
5436,0
73048,0
10170,1
49720,0
20044,1
48716,0
15873,1
3546,0
53600,1
68949,1
24581,1
19315,0
35976,0
26523,1
34414,0
68793,0
36917,1
50792,1
44201,0
66483,0
4259,0
40501,0
30355,0
62494,1
31928,1
44006,0
30878,0
2529,1
12831,0
53554,1
1335,0
68387,0
29213,0
9250,0
28797,0
43031,0
16132,0
14404,0
10004,0
53984,0
1095,0
18440,0
9177,1
11762,1
63301,0
60101,0
7541,0
33403,1
43352,0
66692,0
28475,1
4374,0
74363,0
59260,1
15001,1
18469,0
52326,1
14054,0
67098,1
19715,0
22684,0
21784,1
13647,1
57784,0
39518,0
20764,1
6291,0
2717,0
60114,0
46765,0
37043,0
51764,1
23202,0
10653,0
68742,0
15844,0
35274,0
17305,0
14946,0
45657,0
16599,0
25875,1
60115,0
17627,0
54804,0
1887,0
14082,0
44040,1
60986,0
41457,0
30889,0
62121,0
9224,0
9772,1
75754,0
6179,0
34208,1
47250,0
29423,0
23156,0
25999,0
68918,1
47102,0
2181,0
13130,0
13828,0
32075,1
33960,0
24413,1
56896,0
28785,0
24699,0
10807,0
64321,0
23516,0
51496,0
67442,1
45174,0
31697,0
60186,0
1532,0
59517,1
44415,0
27820,1
32679,0
1979,0
10199,0
56418,0
12999,0
13757,0
5793,1
66353,0
18879,0
14476,1
61428,0
17427,0
62977,0
15516,0
51235,0
2484,0
11543,0
4137,0
38348,0
11600,0
31941,0
24058,0
67696,1
1395,0
71170,0
25008,0
65747,1
73119,0
4792,1
44924,0
42526,0
9396,0
59024,0
53288,0
73398,0
4429,1
22774,1
7304,0
59392,0
21452,0
957,0
8906,1
4372,0
34987,0
35760,0
28049,0
19170,1
2885,0
4154,0
16596,0
55374,0
17964,0
11915,0
50056,1
27990,1
54962,0
19025,0
29670,0
13549,0
24042,0
47212,0
69313,0
42432,0
54150,0
24720,0
48087,0
53325,1
59626,0
27807,1
13628,0
28335,0
68573,0
38603,0
37627,0
21598,0
1850,1
815,0
14406,0
63786,1
39645,0
16965,0
36604,0
10978,1
23684,0
70821,0
21383,1
50063,0
9557,0
37345,0
9842,0
33075,0
42051,0
15276,0
15728,0
21746,0
14679,0
48104,0
74442,0
71992,0
55798,0
11169,0
35358,0
750,0
28976,0
61113,1
26747,0
46071,0
36969,0
41602,0
62813,0
70875,0
10751,0
32104,1
56037,0
63761,0
30897,0
35675,1
33840,0
29460,0
61348,1
34305,0
7302,1
16870,0
47662,0
62405,0
43063,0
26948,1
37530,0
16270,1
6782,0
70379,0
44311,0
48152,0
21236,0
36920,0
8413,0
72100,1
24978,1
48213,0
26258,0
9348,0
65652,0
6329,0
71254,0
12607,1
47464,0
1648,0
23294,0
66907,0
2201,1
71964,0
47576,0
46214,0
2423,0
48467,0
31541,0
74632,0
61705,0
16648,0
60158,1
28364,0
43599,1
21591,0
5920,1
32217,0
4123,1
70709,0
48642,1
73783,0
38425,1
22347,1
66748,1
9474,1
6875,0
72694,0
53954,0
13956,0
21543,0
56932,0
34142,1
50613,0
23996,0
51780,0
74086,0
30190,1
7505,1
48499,1
28118,0
32358,0
17628,0
17184,0
5575,0
42073,0
6797,0
9582,0
37101,0
15783,0
59497,1
46823,0
24599,1
15010,1
63197,0
37974,0
46327,0
4561,0
39041,0
6410,0
41371,0
51405,0
7874,0
4242,1
30529,0
28456,0
46523,0
75728,0
8110,0
62447,0
15830,0
3630,0
16144,0
71055,0
57191,0
61903,0
23321,0
48036,0
35018,0
74851,0
3076,0
68887,1
45660,1
21806,0
64586,0
37034,0
29869,0
4826,0
27080,0
55535,0
58376,0
18579,0
71698,0
63854,0
14239,0
1333,0
73094,0
70754,1
73942,0
55261,0
28509,1
32267,0
17634,0
16436,1
60361,0
67372,0
74250,0
47594,1
6895,1
49207,0
37462,0
24817,0
32356,0
29430,0
71087,0
70443,0
24041,0
3355,0
33900,0
74599,1
50218,0
3737,0
34542,1
837,1
44613,0
47074,0
11375,0
1242,0
72794,0
68500,1
30528,0
32113,1
71958,0
22225,0
31699,0
61324,0
3872,0
32739,0
75574,0
1022,1
30683,0
27265,0
74240,0
25187,0
56091,0
53807,1
24420,0
36004,1
58465,0
21195,0
47951,1
13107,0
34743,1
48069,1
58719,0
15677,0
4065,1
17221,0
58206,0
62351,1
2635,0
12920,0
50042,0
20575,1
10763,0
25033,1
29271,0
39422,0
55322,0
36024,1
72365,0
10593,0
12099,0
39584,0
35192,0
4766,0
6608,1
6166,0
23178,0
117,0
401,0
9782,0
22672,1
13480,0
62335,0
7353,1
2683,0
57607,1
39182,0
30772,0
10514,0
66723,0
61766,1
272,0
36295,0
44898,0
8911,1
58985,0
40297,1
7738,0
40691,0
4231,0
306,0
60247,0
17642,0
55170,0
4640,0
10973,0
72876,1
60865,1
37366,0
3720,0
34644,0
67416,1
6568,0
21265,0
3993,0
6529,0
1097,0
25900,0
12038,0
68485,0
55811,1
12034,0
7040,1
2442,0
48874,0
45767,0
70816,0
27920,0
38975,0
34710,0
46054,0
4548,1
29720,0
41925,0
16192,1
42404,0
15040,1
2109,0
4872,0
17745,0
13422,1
51467,1
12006,1
58312,0
63372,0
8964,0
8818,0
61685,0
7933,1
55273,0
22171,0
12837,0
16906,0
71446,0
4970,0
24372,0
7072,0
60362,0
11271,0
22968,1
6057,1
52663,0
72275,0
25380,1
3051,0
59814,1
60485,1
37770,1
58978,0
24044,0
44557,1
50713,1
12782,0
14764,0
64366,1
27875,0
14825,0
22846,0
19742,0
22258,0
14509,1
37159,1
1750,0
16000,0
4160,0
2148,0
35708,0
11168,0
2983,0
302,1
67995,0
72360,0
32297,1
10976,0
29314,0
22627,0
684,1
52433,0
28741,0
20434,0
15316,0
54420,1
58369,0
18507,0
33073,0
65536,0
43210,0
28955,1
47004,0
1988,0
578,0
55843,1
26311,0
5842,0
10188,0
3777,0
26638,0
23146,1
69332,1
337,0
34622,0
48474,0
7670,0
34417,0
14778,0
50159,0
53515,0
19431,0
68187,0
15190,1
36550,0
75130,0
61590,0
40257,0
56133,1
61316,0
62406,1
60175,1
70928,0
15497,0
24657,0
1608,0
6289,1
36850,1
10519,0
37684,0
14206,0
39296,0
39169,0
39705,1
61056,0
34990,0
53213,1
33528,0
1402,0
18726,0
43016,0
45687,0
21431,0
26469,0
35692,0
574,1
15803,0
43849,0
74515,0
26961,0
15985,0
71048,0
30042,0
19037,0
4278,0
42342,1
47465,0
9244,1
60834,1
25901,0
61562,0
41496,0
62385,0
24895,0
13564,0
32083,0
57908,0
44197,0
17164,1
14034,1
5346,0
36014,0
869,1
10859,0
63811,0
10228,0
21874,1
4944,1
55183,1
38769,0
34811,0
69691,0
30872,1
62183,1
15419,0
71342,1
71347,0
14367,1
31230,0
35034,0
3652,0
40403,0
38581,0
10169,0
31756,0
22474,0
42739,0
29058,1
20959,0
818,1
9111,0
2035,0
4017,1
51706,0
46333,1
21995,0
57261,0
75029,0
19998,1
4290,0
65492,1
33688,0
19580,0
3166,0
64390,1
12545,0
16168,0
57103,0
72035,1
26909,0
1281,0
57586,0
60577,0
60277,0
46543,0
66865,0
4085,0
40858,0
4506,0
29904,0
10913,0
67948,0
12808,0
55743,0
64934,0
42870,0
37443,0
22410,0
62774,0
48495,0
65632,1
6806,0
44199,1
43959,0
25158,0
1991,0
51552,0
21873,0
36460,0
37308,1
460,0
72031,0
57953,0
30481,0
58852,0
7185,0
40368,0
66908,1
29417,0
50933,0
64152,0
37078,1
35533,0
32494,0
40061,0
30294,0
30817,0
16602,0
68610,1
62992,1
624,0
57386,0
41798,0
40100,0
31390,0
10722,1
22532,0
7732,0
61097,0
36521,0
49229,0
56523,1
3369,0
28647,0
32006,0
56363,0
39377,1
67437,0
35467,1
35671,0
22069,0
67665,0
43916,0
31497,0
35077,0
11559,0
65827,0
2987,0
9691,0
51362,1
60882,0
33343,1
26771,0
29389,0
23708,0
14997,0
22971,1
16789,0
71452,0
60043,0
47417,0
53613,0
16429,1
34496,0
142,0
15019,0
25271,0
56405,0
284,0
23893,0
36878,0
20074,0
42027,0
26935,0
33928,0
39077,0
51757,0
54855,1
16866,0
1397,0
3169,1
5266,0
1262,0
59851,1
19438,0
52837,0
57296,0
27155,0
37800,0
69696,0
37056,0
34468,0
32190,0
60761,0
4269,0
50542,0
39150,0
20700,0
56615,0
59909,1
36518,0
36758,0
22243,0
13455,1
40464,0
28210,1
14398,0
54293,0
28336,0
11088,0
61701,0
23436,0
7181,0
7260,0
2428,0
75806,1
4516,0
64942,1
68728,0
67507,1
26315,0
65206,0
58113,0
4637,0
28537,0
21192,1
21837,0
8708,0
2078,0
43110,1
15915,1
26760,0
19071,1
10549,0
32756,0
73237,0
29128,1
23499,1
8234,0
34007,0
27464,0
49882,0
28186,0
19943,1
71536,0
52,0
18934,0
5923,1
30507,0
63295,1
14607,0
72669,0
13525,1
16812,1
22505,0
68868,1
9644,0
30605,0
60502,0
5324,0
30069,0
51255,0
26630,0
4414,0
32947,1
6417,0
13039,0
2172,0
19804,1
10363,0
26416,0
3450,1
5035,1
19197,0
33464,0
19554,0
73266,0
44567,0
14977,1
23592,0
12411,0
56956,0
10840,1
18972,0
4194,0
53292,1
4507,0
11602,0
52659,0
25613,0
4603,0
51283,1
6891,0
40951,0
39625,0
47469,0
5345,0
41637,0
36764,1
14302,0
29215,0
28284,0
877,0
32573,0
39701,0
53171,0
63026,0
21694,0
13358,1
33696,0
33340,0
33134,0
31649,0
45469,0
38904,1
4485,1
37312,0
65961,1
3657,0
46308,0
66507,0
25738,0
7615,1
6170,0
44983,0
12060,0
65482,0
44665,1
33487,1
24418,1
57361,0
37493,0
40155,0
31400,1
7867,0
12731,1
19975,0
63219,0
40065,0
31194,0
64550,0
7801,0
5857,0
68981,0
14589,0
2888,1
47543,0
38791,0
34315,0
35334,0
30075,1
55026,0
11442,0
47836,0
3839,0
20873,0
35677,0
1951,0
23450,0
7787,0
41937,0
1885,1
11714,0
47178,0
59880,0
57250,0
5939,1
48732,0
6561,0
44255,0
59037,0
54516,1
67771,0
3961,1
6493,0
23997,0
25184,0
21820,0
20731,0
5950,1
73572,1
35479,0
6623,0
3885,1
65570,0
23101,0
73165,0
44230,0
67196,0
60961,1
59310,1
48979,0
9957,0
53424,0
39065,0
11197,0
27493,0
30123,0
16169,0
16196,0
883,0
9434,0
33879,0
30860,0
25037,0
31913,0
10388,0
4207,0
11133,1
20003,0
72667,1
11694,0
58348,1
43740,0
13844,0
11524,0
22409,1
16656,0
11223,0
28750,0
15628,0
40271,0
19307,0
4169,0
12536,0
6062,1
54318,0
13557,1
18634,0
26795,0
19153,0
34820,0
18158,1
56888,0
65230,0
8487,0
5516,0
42084,0
57219,0
57498,1
9972,0
41940,0
37882,0
46529,0
46362,0
14979,1
34316,0
68962,0
62961,0
34483,0
31303,0
13246,0
27055,0
10230,1
9712,0
1384,0
18406,0
31247,1
41666,0
16425,0
10298,1
18970,0
16022,1
5851,0
46370,0
47220,0
49884,0
23681,1
61508,0
57831,0
44722,0
12888,0
71270,0
38805,1
42180,1
902,1
10485,0
39235,0
2238,1
20854,0
54165,1
51214,0
58036,0
35427,0
23242,0
66757,0
36081,0
11807,0
11190,0
12396,0
5976,0
12195,0
38944,0
30239,0
69787,0
52131,0
2586,0
17572,0
3407,1
38116,1
50786,1
27642,1
39208,1
73052,0
15755,0
6336,0
15670,0
6731,1
24923,0
70869,1
27629,1
70582,1
2908,0
32941,0
14477,1
17698,0
33065,0
6154,0
7223,0
260,1
24351,0
34131,0
39260,0
46742,0
8711,0
37066,0
22276,1
19863,0
44074,0
29471,0
35581,0
56588,1
62675,1
20443,0
73096,0
2036,0
72290,0
4655,0
42364,0
47480,0
27753,0
27092,1
52652,0
35209,0
40871,0
55221,1
22294,1
4907,0
9542,1
38267,0
17069,0
16721,0
58943,0
44247,0
24335,0
68517,1
40694,0
9869,0
22742,1
70695,0
24391,1
25186,0
27292,0
20937,0
8655,0
60287,0
74809,0
51062,0
60798,0
24356,0
25778,0
29597,0
35064,0
19373,0
28307,0
15523,0
70086,0
14999,1
64944,0
8220,0
14957,0
74175,1
57462,0
73459,0
3503,0
3039,0
72811,0
42029,0
26998,0
16677,1
15520,0
38803,0
38519,0
18180,1
43155,0
63626,1
26431,0
14961,0
22528,0
23732,0
75484,0
5562,0
50314,0
53082,0
1592,0
5693,0
36577,0
16259,0
40630,0
26349,0
32601,0
44948,0
9882,0
703,0
51662,1
70942,0
69535,0
65203,0
9813,0
1880,0
9376,1
33681,0
40151,0
8249,0
66201,0
48998,1
47572,0
273,0
51532,0
26937,1
59802,0
5814,0
3186,0
3347,1
5769,0
31241,0
32322,0
67523,0
32275,0
28027,0
8223,0
67640,0
39389,0
24560,0
48676,0
66343,0
31369,0
52047,0
36205,1
17971,0
3512,0
73977,1
22467,0
17090,0
4040,1
39436,0
12509,1
32306,1
2779,0
874,1
50006,1
15914,1
5101,1
37718,0
3156,0
73437,0
17196,0
51569,1
68580,0
9282,1
46572,0
70367,0
9065,1
24093,0
40372,0
11661,0
1449,0
23596,1
6292,0
68911,0
8387,0
19269,0
8479,1
68554,1
6082,0
22368,0
69625,0
45814,0
15784,0
58459,0
10376,0
3158,0
22751,0
75569,0
16809,0
71508,0
2049,0
61795,0
36270,1
62274,0
43756,1
12696,1
46040,0
45829,0
72961,0
13579,0
13966,1
3642,0
61173,1
67898,0
15435,0
4234,0
37946,0
55193,0
53375,1
36992,0
34180,0
66392,0
35511,1
21573,0
48009,0
1444,0
39837,0
45074,0
45011,0
27,0
8625,0
4749,0
3999,1
22953,0
33702,0
64740,0
42881,1
38229,0
38727,0
24688,1
70095,0
33007,0
9848,0
14791,0
55299,0
49959,0
66048,0
63734,0
51100,0
19665,0
59036,0
39340,0
19263,1
6683,0
43212,0
37389,0
40542,0
3344,0
27900,0
35766,0
67051,1
11079,0
55199,0
66045,0
16310,0
13125,1
41788,0
39548,1
17570,1
23549,0
35089,1
4580,0
64215,0
44878,0
32794,0
44621,0
61825,0
21311,0
49914,0
40528,0
17352,0
41861,0
68191,1
31019,1
59760,1
20802,1
62848,1
1249,0
19156,0
13540,0
10570,1
1759,1
8482,0
31646,1
50995,0
50473,0
2242,0
39614,0
57800,0
16290,1
25647,0
40266,0
3714,0
75979,1
20360,0
17858,0
21205,0
16674,1
39635,0
33423,0
16682,0
2064,0
37090,0
69612,1
63181,0
1060,0
33670,0
24070,0
71413,0
29539,0
43114,0
55233,1
14039,1
43611,0
51228,0
11944,1
5752,1
26408,0
1343,0
665,0
45665,0
54,0
15534,0
1008,0
2997,0
26090,0
18920,0
75692,0
3719,0
29433,0
20299,1
11851,1
2275,0
56141,0
39321,0
9264,0
19376,0
55278,0
4712,0
2186,0
74026,1
8278,0
539,1
5977,0
27550,0
24579,0
68902,0
26837,0
20415,1
24901,0
45998,0
6297,0
69264,0
26738,1
28159,0
4325,0
6506,1
49314,0
8247,0
29155,1
11001,0
41218,1
2159,1
29987,0
12448,0
40731,0
44831,0
51500,0
12652,0
10712,0
54655,0
24898,1
9115,1
12537,0
25138,0
27341,1
17581,0
37491,1
7387,0
25063,0
31712,0
17342,0
24708,1
55477,1
52450,0
36864,1
2661,0
61051,0
1855,0
23949,1
20704,0
48196,0
66947,0
55837,1
28889,0
43272,0
5223,1
21220,0
73562,0
6492,0
49455,0
34241,0
40997,0
1821,0
3945,0
16715,0
66763,0
73560,0
17255,0
8508,0
10630,0
49104,0
68145,0
14241,0
9518,1
28653,0
38880,0
32611,0
1873,0
48132,0
10348,0
13353,1
39135,0
31801,0
49184,0
46825,0
49225,0
21415,0
21181,0
56883,0
41712,0
45438,0
8838,0
40024,1
42278,1
2244,1
69425,0
63089,0
531,0
34350,0
30159,0
72853,0
57820,0
11547,1
46811,0
51174,1
6964,1
45707,0
72560,1
9814,0
45730,1
53782,1
46535,0
60535,0
21647,0
22067,0
851,0
3771,1
22897,1
2467,0
33346,0
16068,0
44572,0
47269,0
74731,0
17312,0
9821,0
6481,0
6502,0
61103,0
40016,0
6496,1
8987,0
41889,0
56118,1
24011,0
36889,0
3850,0
47737,1
18826,0
19561,1
47334,0
69792,0
75380,0
41562,0
36127,1
17785,0
42204,0
55212,0
69993,0
25223,0
48728,0
49094,0
28932,0
35279,1
54719,0
1964,1
16494,0
24505,0
64559,1
42298,0
44149,0
38950,0
32081,1
148,0
46814,1
23485,0
26831,0
4685,0
28465,0
74087,1
2723,0
21811,1
15157,0
44088,0
174,0
186,0
55328,0
4297,0
34764,0
56832,0
34049,0
25473,0
26180,1
1408,0
66000,0
38954,1
11393,1
6283,0
66917,0
11361,1
36355,0
42391,1
22933,0
31939,0
38870,0
10967,1
30627,0
5372,0
29529,0
36601,1
39665,0
44106,0
35934,0
63244,0
31618,1
74366,0
74874,0
17391,0
70365,0
48166,0
73567,0
43843,0
57011,0
71179,0
1620,0
23884,0
4865,0
26953,0
37150,0
6910,0
34279,0
46640,0
37287,0
3528,1
12222,0
47865,0
41804,0
14658,0
7051,1
7477,0
10216,0
12096,0
23891,0
75915,0
4217,0
15120,0
3222,0
18432,0
3701,0
23391,1
29435,0
29829,0
11072,1
25261,0
32827,1
12814,0
27028,0
18338,0
51197,1
74169,0
64790,0
40984,1
34339,0
56564,0
69893,0
31746,0
32974,1
3607,0
14983,1
28103,1
36502,0
7060,0
55083,0
22469,1
10120,0
66085,0
25124,1
44575,0
12526,0
62989,1
41315,0
67853,0
75880,1
74718,1
26854,1
71580,0
31610,0
23923,0
38587,1
6373,1
69827,0
9843,0
25514,0
71661,0
5624,1
72443,0
8593,1
394,0
17513,0
8535,0
542,0
8636,0
42394,0
48566,0
68661,1
22519,0
65076,1
28478,0
23014,1
30635,0
24275,1
70718,1
35647,0
529,0
25421,0
6209,0
4081,0
29600,1
43050,0
26898,0
3730,0
43762,0
18385,0
1877,0
26126,0
55292,0
51503,1
17593,0
45319,0
74121,1
64338,0
7295,1
67502,0
35438,0
13763,0
565,1
32789,1
29691,0
75926,0
1712,0
139,0
31266,0
17546,0
3361,0
26712,0
31109,0
11932,0
50123,0
28707,0
12630,0
9056,0
56660,0
23032,0
69251,1
59301,0
49310,1
39307,0
62822,0
47139,0
68348,0
37907,0
37370,0
61124,1
58620,0
50322,1
74914,0
13461,0
20392,1
6743,0
2716,0
32355,1
2508,0
30841,1
16706,1
50389,0
55709,0
53790,0
12542,0
18005,1
47923,1
41122,0
24193,0
67690,0
15285,0
24181,0
29991,0
22451,0
39293,1
71584,0
61534,0
45756,0
36082,1
5873,0
15776,0
43514,0
53638,1
64457,0
9406,0
14093,0
35728,0
48066,0
36119,0
47669,0
36052,0
8768,0
27961,0
73679,0
1671,0
33295,1
53238,0
53756,1
2792,0
10489,0
1703,1
872,1
52021,0
268,0
37653,0
2089,1
5560,0
34867,0
9169,0
43081,1
18869,0
44891,1
11189,0
60654,0
5463,1
56911,0
73120,0
60884,0
38350,0
65811,0
40178,1
2225,0
19546,0
13314,1
66842,0
4783,0
29196,0
45361,0
46926,1
61413,0
18001,1
5579,0
61599,0
43278,0
12798,1
1190,0
65476,0
69925,0
12566,0
5159,0
36935,1
9953,0
14102,1
62196,0
53284,0
67428,0
14734,1
5467,0
60053,0
18720,0
41019,0
27778,0
34013,0
51513,0
10155,0
65449,0
4965,0
5078,0
40859,1
65023,0
38736,0
12113,0
25732,1
15059,0
50346,0
5250,0
75063,0
62943,0
8637,0
66325,0
2224,1
15608,1
3586,1
72427,0
19132,1
40882,1
22509,1
39832,0
14965,0
50311,0
2450,1
6848,0
64047,0
40692,1
39887,0
51581,1
27100,0
67753,0
10592,0
20023,0
27453,0
55287,0
24927,0
67557,0
66846,0
23589,0
60503,0
17684,1
63822,0
57919,0
55874,1
56119,0
736,0
21494,1
5514,0
45747,0
66167,1
60468,1
30659,1
47684,0
12388,0
7439,0
9339,0
46644,1
69100,1
53661,0
5321,0
16943,1
22507,0
8595,0
51360,0
40794,0
71926,0
53313,0
27516,0
1430,1
26584,0
49787,0
18936,0
72487,0
24970,0
38626,1
32954,0
251,0
39068,1
52235,0
26770,0
19393,1
1017,1
7234,0
75516,0
70184,0
1795,0
9242,0
46444,0
15202,0
36102,0
75665,0
32201,0
58191,0
1202,0
20884,1
62469,1
45773,0
31181,0
21559,1
73403,1
2904,0
58286,1
17190,0
6505,0
74888,0
29406,0
15228,1
5810,0
30621,0
9385,1
13219,0
19914,1
49517,0
5530,0
74193,0
35949,0
62445,0
3587,1
14516,0
63664,0
17156,1
35261,0
59082,1
21274,1
15524,0
5878,0
18077,0
44062,1
31500,0
69994,0
29333,0
7127,0
3277,1
3665,0
4974,1
11558,0
45008,0
43331,1
66268,0
7652,0
30168,0
68374,1
70522,0
737,0
75172,0
67618,1
65000,0
220,1
60022,0
10406,1
34338,0
28172,0
75150,0
33651,1
68677,0
8819,0
67217,0
36370,1
71743,0
32385,0
3510,0
7054,1
34347,1
61697,1
5214,0
4770,0
18957,0
30210,0
4951,0
37035,0
53227,0
60113,0
24628,0
4800,1
6306,1
64627,0
604,0
71317,1
3923,0
72578,0
35529,1
55214,0
5304,1
22922,0
19230,1
42530,0
46468,0
65568,1
22028,0
18964,1
36003,1
53176,0
18519,0
63557,0
4295,0
47436,1
49513,0
9858,0
40007,1
13707,1
64660,0
57587,0
29223,1
19112,0
70641,0
53960,0
74075,1
9861,1
31749,1
31213,0
29685,0
53228,0
47251,0
70033,1
18498,0
59427,0
15457,0
7141,0
56154,0
36164,1
61369,1
23276,0
60249,0
53105,1
66882,0
1849,0
43268,0
16281,0
12812,0
8215,0
54184,1
25269,0
54157,0
57287,1
9540,0
45801,0
47353,0
58092,0
3664,0
16660,0
9950,1
51924,1
30098,0
498,0
4797,0
49348,0
30992,0
72797,1
5094,0
775,1
42910,0
18666,0
35028,1
72311,1
61630,1
12318,1
9612,0
593,0
32733,0
67723,0
41077,1
16155,0
52448,0
74532,0
73311,0
13121,0
20816,1
46890,0
5290,0
13724,0
15105,0
67499,0
66945,0
40978,0
9259,1
29476,0
47616,1
36912,0
7991,0
12980,0
37065,0
10178,0
3240,0
62135,1
2758,0
64167,0
28600,0
39694,0
66254,1
2985,0
25752,0
42038,1
69562,0
43404,0
46076,1
4555,0
35866,1
14202,0
46147,0
27571,1
52912,0
53071,0
65097,0
53418,0
73192,0
44058,0
64513,0
48076,0
43358,1
3378,0
5141,0
22081,1
38615,0
20828,0
72507,0
71245,0
43675,0
50476,1
4500,0
76031,0
11318,0
47377,0
44333,0
31043,0
16915,0
2974,1
62479,0
4479,0
55383,0
75947,1
42347,0
27737,0
11673,0
39997,0
43182,0
7120,1
64836,1
56374,0
16537,0
33279,0
51563,0
38135,0
26949,0
55652,1
3301,1
53189,0
17201,1
10203,0
29153,1
33170,0
15602,0
39666,1
18517,0
41709,0
8510,0
3983,0
69192,0
26168,1
42377,0
43307,0
20815,0
5195,0
6378,0
31055,0
33172,0
23976,0
17383,0
13144,0
4728,0
39968,0
55588,0
38481,0
63984,0
14519,0
13472,0
18817,0
63930,0
73538,0
23365,0
62803,1
3011,0
2954,0
7013,0
18861,0
60767,0
478,0
62800,0
1276,1
11386,1
46392,0
33944,0
73239,1
3823,0
49196,1
22297,0
49834,0
66461,0
65040,1
7875,0
2703,0
19934,1
49729,0
49306,0
28978,0
33672,1
63400,0
66089,1
2128,0
9036,0
25526,1
50387,0
33972,0
66524,0
7421,0
49626,0
57215,1
10581,0
28643,0
50167,0
26921,0
67162,0
6,0
739,0
2410,0
61567,1
22367,0
24729,0
14779,1
12877,1
627,1
10974,1
17440,1
46707,0
28914,0
37887,1
46283,1
10686,0
19085,1
27703,0
32295,0
47740,1
48375,0
10691,0
54442,0
60154,1
280,1
4682,0
64048,1
14338,0
20920,0
72956,1
65488,0
4336,0
55245,0
13321,0
1435,0
63711,0
44150,0
56805,0
26171,0
42442,1
56213,0
60166,0
5883,0
38228,0
73466,1
13505,0
3465,0
15572,0
39398,0
55237,0
6424,0
67816,1
73794,1
48323,0
35966,1
32336,1
55182,0
3685,1
29467,0
26996,0
5342,0
43605,0
12654,0
48274,0
39262,0
8512,0
31948,1
42857,0
40570,1
64598,0
17487,0
29364,0
49365,0
75784,1
4958,0
57234,0
25786,0
55262,0
71832,0
47129,1
3399,0
67836,1
66614,0
20118,0
11228,0
31812,0
25080,0
19922,0
15474,0
27175,0
20964,0
51367,0
24230,0
65417,1
49551,1
28597,0
23,0
4323,0
24369,0
16780,0
37880,0
67606,0
7107,0
34259,0
64802,0
39620,0
4056,0
31352,0
24128,0
69240,1
22377,1
490,1
10561,0
69516,0
73839,1
1846,0
67256,0
28642,0
6162,0
30654,0
2187,1
36276,0
15123,0
6516,1
9926,0
35509,1
67890,1
27015,0
50062,0
6010,0
28849,0
56966,0
41673,0
68205,0
28053,1
12657,1
4707,1
25816,0
39331,0
26143,0
64980,0
60069,0
19364,1
12408,0
1839,0
74843,0
8227,0
7329,1
17621,0
38827,0
10557,0
15275,0
67110,0
21301,1
45187,1
1967,0
10241,0
48002,0
33513,1
64952,0
29219,0
76021,1
37319,0
18860,0
65918,1
72838,0
65648,1
50188,0
20901,0
32326,0
64681,0
17992,0
23335,0
30712,1
40995,0
5171,0
51004,0
25834,1
5954,0
37867,1
74282,0
59501,1
74183,0
64387,0
6905,0
69093,0
24000,0
9140,0
67423,0
66336,0
30664,1
40598,0
71853,0
47016,0
1278,0
55240,1
73545,0
50368,0
11239,1
50687,0
11791,0
2460,1
47508,0
49351,1
17547,0
45860,0
74676,0
29889,0
41981,1
328,0
56179,0
20544,0
18710,0
56265,0
51234,0
10750,0
31260,1
43463,0
3440,0
47894,0
39729,0
19470,0
56357,0
35447,1
37560,0
65429,1
17438,1
10989,0
2748,0
32425,0
24774,0
75959,0
21919,0
46156,0
47007,1
29536,0
24411,0
70961,0
7351,0
42254,0
52477,0
20353,0
14909,0
16295,0
56604,0
62125,1
44627,0
26570,0
20670,0
11016,0
25660,0
23020,0
32782,0
50333,0
62552,0
58339,0
43598,1
71026,0
46082,0
11018,0
54542,0
19391,0
41526,0
26608,0
2205,1
8445,1
72825,0
18733,1
5383,0
32026,0
20164,0
17731,1
41439,0
44802,0
8816,0
7108,0
39122,0
8064,1
57125,0
64357,0
59721,0
63260,0
49203,0
5594,1
60170,1
16909,0
36932,0
43318,0
22615,0
24444,1
10658,0
36112,0
59391,0
64331,0
59299,0
54452,1
2105,1
62604,0
7371,0
47196,0
16699,0
3331,0
37970,0
43880,0
53032,0
44784,0
56933,0
23507,0
42717,1
2949,0
28234,0
20518,0
63597,1
32395,1
16897,0
70849,0
1403,0
27907,0
1632,1
9933,1
26474,1
27075,0
6893,0
18753,0
45739,0
31444,0
48093,1
1492,1
7122,0
1796,1
69168,0
49271,0
2625,0
57426,0
8791,0
5957,0
14141,0
2836,1
17307,1
13375,0
17325,0
72054,0
61545,0
49652,0
14683,0
2146,0
19789,0
18390,0
27346,0
55169,0
25125,1
5902,0
32595,1
56997,1
8739,0
839,0
17869,0
47342,0
39679,0
17356,0
16678,0
55231,1
48460,0
30530,1
26368,1
17806,0
32060,0
11823,0
1938,0
35812,0
9144,0
5870,1
59151,0
37328,0
12508,0
7210,0
25230,1
11411,0
7564,0
15860,0
73101,0
1077,0
17973,1
5278,0
38249,0
10304,0
6452,0
32917,0
39698,0
45545,0
36701,0
16220,0
8360,0
45513,1
8773,1
19619,0
11173,0
23852,0
25582,0
1322,0
71940,0
5242,0
40347,1
30100,0
66631,0
52043,0
53454,0
18595,1
13287,0
59653,0
379,0
26705,0
8630,0
66669,0
36645,0
7772,0
53615,0
76037,0
59649,1
14828,0
2394,1
1302,0
57357,0
4029,1
8454,0
44920,0
52367,0
41356,0
6648,0
9008,0
72869,1
34789,0
54105,0
64028,1
45057,0
35996,0
18677,0
15894,1
65389,1
36877,0
10226,0
53444,0
13,0
2528,1
50277,0
1482,0
25137,1
24416,0
28467,0
19525,0
4178,0
41160,1
32846,0
47755,1
74238,1
4157,0
75703,1
45763,0
17665,1
12381,0
24531,0
6474,0
34214,0
3418,0
29341,0
34464,0
41905,0
12238,0
65805,0
49019,1
39407,0
35513,0
25348,0
20797,0
31010,0
67255,0
20306,1
11609,1
2575,1
50035,0
3126,0
3014,0
4825,0
62924,0
68269,0
14207,0
5477,1
56251,0
6627,1
15551,0
3462,0
21726,0
21377,0
41423,0
55595,0
70200,0
50343,1
39877,0
4430,0
20014,0
65274,0
60061,0
10802,1
48961,0
43476,0
54899,0
9297,0
197,0
25444,0
889,0
54140,0
11252,1
28134,0
14675,0
3855,1
18021,0
68386,0
27101,0
49245,0
54517,1
25595,1
34646,0
36797,0
50621,0
9997,0
13873,0
427,0
21288,0
8859,0
6878,1
59963,0
69443,0
43593,1
54073,0
3905,0
76041,1
24504,0
35765,0
45407,0
2849,0
17514,0
5661,0
67156,0
43558,1
74156,1
17737,0
51009,0
74762,0
32516,1
4984,1
53753,0
6450,1
24711,0
50956,1
7395,1
38892,0
56650,0
2591,1
52832,0
11655,0
7721,1
22229,0
54546,0
54646,1
6924,1
71573,0
31094,0
31102,0
30344,1
55560,1
54709,0
59045,1
50781,0
51994,0
29203,1
8128,0
36512,0
48746,0
56788,1
3708,0
4312,0
37931,0
72533,0
26487,0
47707,0
30089,0
35126,0
25432,0
884,0
73768,0
11703,0
39192,1
37995,0
24609,1
33724,1
8072,0
3689,0
55,0
31456,0
23315,0
34046,0
11674,0
64422,0
54262,0
45958,0
12025,1
9613,0
1452,0
32273,0
70862,0
29665,0
2915,0
58035,0
59959,0
69511,0
48887,1
3814,0
17597,0
10612,0
12485,1
58178,0
1112,0
52340,0
24813,0
20759,0
12595,0
9192,0
4211,0
19777,1
31954,0
2687,0
53461,0
1277,0
12320,0
5965,0
74528,0
24639,0
3639,1
12655,0
326,0
6333,0
2596,0
11976,0
68113,0
44844,1
4861,0
727,0
53761,0
52122,0
29537,0
2962,0
68932,0
69929,0
12245,0
60602,1
1090,0
7172,0
35106,1
23750,0
62286,0
52386,0
3595,1
54330,1
42091,0
74187,1
25808,0
67670,0
36405,0
42841,1
41597,0
43826,0
4729,0
72087,0
4007,0
17413,0
35367,1
222,0
61010,1
24637,0
75841,0
52366,0
18255,0
24117,1
45590,0
900,0
22471,1
37553,0
61856,1
15629,0
14984,1
31883,0
29606,0
11426,0
23367,0
47963,0
46044,0
57739,0
69052,0
46293,0
49022,0
5415,1
57619,1
15236,0
51655,0
14334,0
11997,0
6494,0
17455,0
28551,0
67198,0
59000,0
8604,1
49298,0
53355,0
56611,1
33222,0
68616,1
54074,0
4363,0
6512,0
14721,0
321,0
76128,0
15983,0
72682,1
12901,0
75446,0
17034,1
58305,0
38438,0
17098,0
58997,0
26578,0
42205,0
38650,0
31627,1
41500,1
44354,1
25603,0
25815,0
74069,0
31831,0
21530,0
19740,0
65846,0
48777,0
2051,0
13213,0
3710,1
21754,0
1989,0
25363,0
47204,0
31121,0
49262,0
30775,0
39937,0
48315,0
17381,0
56606,0
27942,0
21861,0
41015,0
56197,0
40055,0
73199,1
47310,0
64978,0
11716,0
52099,0
6995,0
47067,0
36579,0
46700,0
3806,1
11772,0
3319,0
61655,0
12299,0
43850,0
16166,0
30989,0
35718,1
7711,0
8808,0
56957,1
67559,0
14474,0
57838,0
28667,0
11387,0
62713,0
25912,0
24457,1
72224,0
65813,0
4341,0
61273,0
9996,0
5014,0
17853,0
37091,0
24858,1
28382,1
63621,1
47772,0
26424,1
24972,0
20633,0
20274,0
65192,0
58700,0
35166,0
13067,0
28370,0
22605,0
52446,1
70566,0
46483,0
26816,1
2496,1
36413,0
23142,0
40392,0
64176,0
4050,0
42588,1
8010,0
10403,0
55661,0
59023,0
24304,1
55420,1
49107,0
36583,1
18099,0
47555,0
26943,0
54908,0
15977,0
60189,0
38521,0
60771,0
8907,1
30986,0
74789,0
31879,0
59477,1
51967,0
44654,0
20860,0
31843,0
69735,0
2045,0
38284,0
23964,1
29651,0
71005,0
52378,1
66489,0
6548,0
48252,0
41284,0
18581,0
57613,0
28461,0
27249,0
8478,0
23531,1
23869,0
42894,0
43905,1
61551,1
43482,0
13191,1
3357,1
7998,0
2795,1
11942,0
19766,0
19638,0
686,0
32923,0
48271,1
19857,0
68108,0
17548,0
60093,0
7844,0
23593,1
20289,0
31250,0
21802,0
48075,0
30838,0
11850,1
15237,0
5360,1
56266,0
57749,0
14494,0
28589,1
7413,0
21807,0
30917,0
6988,0
60677,0
46393,0
49068,0
17014,0
46056,0
66157,1
57096,0
63654,0
39277,0
14344,0
3615,0
1606,1
45184,1
36038,0
62946,0
4339,0
586,0
15338,0
17574,0
31509,0
23152,0
8428,0
16459,0
72644,0
20086,0
8073,0
6164,0
32139,0
14012,1
65434,0
4612,0
25017,0
10103,0
43363,0
66311,1
52976,0
41292,1
74339,0
42524,1
6095,0
760,1
1054,0
58517,0
16918,0
62599,0
11546,0
54818,0
4981,1
8337,0
10035,0
56644,1
3354,0
41100,0
59575,0
64162,0
19089,0
31659,0
14933,0
20157,0
62198,1
19502,0
70696,0
71783,1
60415,1
57856,0
59564,0
74037,0
14568,0
34594,1
12917,0
63462,0
41083,1
53217,0
59511,1
37820,1
10493,1
12620,0
34759,1
20110,0
66522,0
7266,1
7811,0
15569,0
4256,0
1146,0
2926,0
69903,1
3543,0
23129,0
15662,1
35794,0
36678,0
72889,0
73343,0
67784,1
61577,0
70352,0
44791,0
68146,0
57418,1
11134,0
23939,0
62715,0
17259,0
36191,0
21068,0
18534,1
34197,0
72262,1
20837,1
20642,0
74311,1
73647,0
11588,0
30652,0
5291,0
65380,1
4331,0
36841,0
45149,0
25407,0
11099,0
37196,0
61808,0
7909,0
7312,1
19908,0
9974,0
34144,0
21018,0
1923,0
2005,0
22589,0
37414,0
28010,1
27596,1
13980,0
5426,0
19870,0
45324,0
63290,1
69583,0
4315,1
27102,0
63921,0
29874,0
39064,0
65394,0
11119,0
6563,0
14616,0
74563,1
66517,0
62750,0
10956,1
14487,0
69323,0
36524,0
51894,1
1953,0
3342,0
48525,0
5808,1
29437,0
55607,0
14266,0
58121,0
41618,0
16919,0
1638,0
10821,0
11437,0
2857,1
36734,0
938,0
22418,0
54498,0
1782,1
57025,0
971,0
17464,0
228,0
8949,0
35411,0
39333,0
10237,0
34200,0
38970,0
68617,1
41355,0
69241,0
4686,0
30295,0
19844,1
11310,0
16076,0
24442,1
15063,0
64446,1
27238,0
12212,0
63013,0
5495,1
70573,0
38515,0
27006,0
23493,1
13356,0
1980,0
38584,0
36933,1
61217,1
1256,0
72221,0
64831,0
7046,0
70354,0
44180,0
26555,0
38309,0
31345,1
18351,1
9220,1
63477,0
4204,0
10287,0
9915,0
69973,1
9768,0
65255,0
1432,1
25480,0
61216,0
46289,0
36653,0
6221,0
56043,1
41660,0
3327,0
12922,0
73787,1
14740,0
28945,0
5613,0
20010,0
56936,0
7517,0
8577,0
22477,0
67747,0
31460,0
1882,1
21643,0
62260,1
26560,0
52024,0
23808,0
34037,1
438,1
47247,0
7566,1
20352,0
31542,0
63040,0
4698,0
1442,0
2629,0
585,1
74039,0
52314,0
66218,0
1216,0
53302,0
24648,0
14092,0
34228,0
50609,0
59621,0
2513,0
71190,0
8988,1
57073,0
38908,0
26976,1
34799,0
64965,1
13553,1
18736,1
34959,0
49106,0
67185,0
43177,1
65430,1
1936,0
71527,1
53009,1
64183,0
30907,0
1114,1
52784,0
6348,0
32504,0
2796,0
47730,0
70258,0
44696,0
2328,0
54178,1
45960,1
67183,0
47086,0
6249,0
20512,1
56969,0
34207,1
34047,1
25586,0
72147,0
43146,0
13478,0
34438,1
26263,1
74749,0
70924,0
72357,0
60660,1
6669,0
15592,1
49497,0
32867,0
63721,0
3236,1
45380,0
48142,0
14757,0
6026,0
42970,0
14510,1
68413,0
1448,0
61885,0
21371,0
45955,0
39348,1
46312,0
19663,0
75438,0
46101,0
4678,1
31508,0
75851,1
74020,1
49674,0
9443,0
23842,0
58796,0
6108,0
1168,1
16980,1
10664,0
7565,1
50213,0
11871,0
55216,0
45340,0
44097,0
6059,0
69083,0
59092,0
47819,1
16287,1
26369,0
10214,0
863,0
66621,0
43325,0
9017,0
27609,0
50484,0
68596,1
16944,0
52879,1
5149,1
45959,0
4222,0
65164,0
26214,0
41235,0
15148,0
2305,0
31774,0
16519,0
18849,0
35048,0
61613,0
55846,1
72234,0
10133,0
46923,1
536,0
6235,0
16839,0
73564,0
56525,0
55149,0
14001,0
19512,0
4616,1
15430,0
16941,0
23998,0
26511,1
7895,0
56259,0
6199,1
69748,1
44239,0
15396,0
50673,1
45462,0
43847,1
13093,1
80,1
61152,0
11689,0
4425,0
17779,1
24216,1
1081,0
67350,0
43883,0
49690,1
16426,0
16,0
59805,0
43087,0
15399,0
50573,0
14380,1
1966,0
55913,1
45344,0
49745,0
63410,0
12783,0
10640,0
46125,0
57617,1
8893,0
68058,0
69430,0
48537,1
61622,0
9440,0
14274,0
23918,0
5824,1
41295,0
51929,0
46062,1
30165,0
5846,0
66519,0
57436,1
66261,0
74494,0
40443,0
21093,0
68848,1
31433,0
25374,0
9851,1
37071,1
14755,0
52468,0
32369,1
37088,0
2025,0
24515,0
65501,1
33376,0
11307,0
28621,0
23762,0
1600,0
55570,1
967,0
7542,0
24509,0
56139,0
38272,0
2284,1
15068,0
48231,0
48630,0
4476,0
54284,0
12909,0
71202,0
20105,1
1139,0
31515,0
8921,0
33443,0
72361,0
39870,0
68025,1
23374,0
1916,1
856,1
440,1
22203,1
17380,0
58754,0
56960,0
6004,1
4654,0
40825,0
30653,0
62543,0
41297,1
39255,0
35858,0
196,0
43960,0
27659,0
65616,0
59144,1
67611,0
11382,1
34768,0
1728,0
4213,0
49835,0
21512,1
44693,0
26655,1
54971,1
45351,1
73440,0
35011,0
32259,1
29397,0
64574,1
24082,1
54003,0
28646,0
57809,1
30791,0
7049,1
62166,0
11984,0
33979,0
37505,1
59998,0
65710,0
25090,1
40273,0
23628,0
12380,0
70514,0
52682,0
22580,1
7626,1
57364,0
61272,0
25641,0
15179,1
50278,0
6393,0
28543,0
2243,0
21007,0
15594,0
932,0
1520,0
5180,0
34814,0
46495,0
46694,0
9325,0
31116,0
12032,0
43919,0
67795,0
46420,0
20527,0
38380,0
25848,1
47667,0
18190,1
30516,0
15583,1
55807,0
720,0
68684,0
8011,0
18518,0
29595,0
458,0
20183,0
63377,0
20147,0
4671,0
19537,0
28966,1
43715,0
2971,0
10187,0
23581,0
18999,0
10386,0
48292,0
22164,1
11594,0
16311,0
70187,0
63173,0
17823,0
13717,0
20355,1
62059,1
33701,0
17798,1
8948,0
4104,0
23883,1
25921,0
10150,0
74665,0
11241,0
39002,0
12267,0
16659,0
27272,1
13070,0
54118,0
52140,0
44846,0
2103,0
9618,0
29405,1
57460,0
26841,0
16507,0
11766,0
16461,0
50272,0
68811,0
66636,1
68282,0
72148,1
6441,0
58555,1
50783,0
23344,1
72090,0
21367,0
25395,0
17173,0
2086,0
1650,0
65263,0
12197,1
30719,1
59214,1
961,1
19815,1
14016,0
4733,0
43255,0
47043,1
40783,0
6966,0
62655,1
9304,0
56457,0
55228,0
29205,0
15564,0
61547,0
2817,0
43194,0
39752,0
37226,0
16827,0
41320,0
27262,0
29830,0
69975,0
1007,0
31660,0
34239,0
64292,0
19416,0
46018,0
10766,0
72514,0
6530,0
19327,0
26912,0
33608,0
3626,1
25316,1
73596,0
69398,1
22700,0
54299,1
38466,0
51692,0
17118,0
50227,0
5764,1
76212,0
23812,0
13029,1
44504,0
59734,0
13734,0
57965,0
39774,0
17019,0
49708,0
59380,0
6566,0
68980,0
1126,0
27701,0
12460,0
15132,0
63931,1
57669,0
58159,0
8705,0
784,0
73638,0
21749,0
15566,0
70016,0
40246,1
16077,1
50018,0
40654,0
34791,0
72204,0
29168,1
9487,1
17582,0
10720,0
44181,0
14547,0
2573,1
7027,0
69463,0
57873,0
1511,1
24857,0
2938,0
2296,0
22584,0
15548,0
16638,0
27709,0
208,1
9449,0
11913,0
58038,0
59618,1
19057,0
27392,1
36171,1
32213,0
34616,0
44379,1
5031,1
528,0
45275,0
25870,0
24545,0
33425,0
45244,0
57614,0
10885,0
20385,0
4181,0
59763,1
38030,1
12284,0
31894,0
3439,0
37710,0
11379,0
66389,0
24285,1
24076,0
43869,0
35736,0
44408,1
52711,0
69474,1
58297,0
71995,0
40627,0
66869,0
37186,0
29980,1
47343,0
18903,1
19095,0
3299,1
54276,0
45048,0
69659,0
71669,0
28922,0
23055,0
62210,0
39753,1
37,0
37156,0
43346,0
68077,0
70537,0
22802,0
4928,0
49947,1
29457,0
57336,0
49898,0
40131,0
21932,1
44779,0
5419,1
35753,0
3391,0
44503,0
40493,0
3585,0
72770,0
38039,0
20674,0
10791,0
16036,0
30661,1
64377,1
25920,0
53353,0
1205,1
70361,1
48304,0
14413,0
26986,1
54597,0
63521,0
49616,1
61555,1
20784,0
55930,0
3482,1
16908,1
15370,0
11255,1
3031,0
36725,0
15864,0
56337,0
73584,0
34687,1
25684,0
53542,0
27570,0
18786,0
35535,0
12668,0
43172,0
36700,0
48528,0
6702,0
3633,1
7726,0
32592,0
19179,0
9816,0
5584,0
9631,0
10407,0
57781,0
26333,0
75859,0
70650,0
41750,1
13732,0
22337,0
34176,0
15477,0
24021,0
5216,0
59257,0
70283,0
45222,0
3374,1
2173,0
45437,1
2759,0
43918,0
69958,0
4912,0
43119,0
42331,0
50850,0
6531,0
38661,1
12270,0
10366,0
64784,1
21056,1
21668,0
7280,0
65171,0
66889,0
403,0
21134,0
21285,0
49085,0
34870,1
54874,1
41383,0
49556,0
60934,0
14043,0
6836,1
18850,0
40703,0
74757,0
29577,1
14438,0
35767,0
56889,0
57039,0
5845,0
26538,0
23383,1
14017,0
3328,0
21187,0
52491,1
41303,0
29989,0
35237,1
36517,0
27106,0
20324,0
71133,0
24924,0
17700,0
29041,1
24629,1
14973,1
23888,1
61453,1
34977,0
25309,0
17153,0
24014,0
34497,1
26925,0
68071,0
25238,0
20437,0
56954,0
6316,0
63166,0
39940,1
19788,1
37569,1
58115,0
60088,1
17105,0
4514,0
24469,0
1500,0
63069,0
8667,0
36123,0
36837,1
44695,0
18575,0
53708,0
50583,0
62916,0
25695,0
20978,1
9133,0
40417,1
6580,0
369,0
1820,0
73991,0
64142,0
20757,0
6388,0
35317,0
73011,1
29448,0
2331,0
13286,0
219,1
26687,1
2551,0
68740,0
72129,1
5979,0
3083,1
9003,1
65212,0
13871,0
22796,0
17667,1
8235,0
22457,1
26438,0
33239,1
10812,0
33831,1
64745,0
27507,0
11122,1
72138,0
33755,0
38102,0
52436,0
20833,0
22416,0
47529,0
11659,0
12989,0
2357,0
48781,1
75379,0
44823,0
49518,0
58197,1
56296,0
53650,0
54979,0
10669,0
41111,0
65546,0
35544,0
36240,0
59577,0
22446,0
32041,0
74044,0
1052,1
1499,0
46400,0
54852,1
22812,0
74864,1
29443,0
12341,1
157,0
69368,0
64781,0
35914,0
73481,1
49156,0
15277,0
30447,0
59284,0
11508,1
63394,0
11036,0
26728,1
11656,0
59692,1
47680,0
33880,1
57153,0
25452,1
7865,1
25116,0
34592,1
32986,0
71125,0
62005,0
8760,0
60329,0
44071,0
32749,0
39101,0
54984,0
70353,0
792,0
41948,1
42023,0
59590,0
37749,0
41795,0
19276,0
41419,0
49646,0
70879,0
10451,0
37338,1
4701,0
3793,0
43580,0
4893,1
14920,0
16482,0
21469,0
16238,0
49851,0
9700,0
1300,0
3102,0
25966,0
1545,0
48904,0
21914,0
58505,0
41432,0
4452,1
2260,0
31902,0
31222,0
17442,1
44568,1
34724,0
8844,0
37230,1
45042,0
22788,0
46751,0
23934,0
33288,0
4554,1
15213,0
27883,0
97,1
50614,0
8417,0
8675,0
30856,1
43541,1
58759,0
22465,0
7017,0
20526,0
14435,1
39588,1
24288,1
19572,0
7320,0
68230,0
37400,1
29702,0
53330,1
70894,0
71082,0
64373,0
10452,1
74306,1
69844,1
54413,0
45055,0
15623,0
46599,0
42315,1
36873,1
26970,0
3103,1
11741,1
7375,0
47256,0
21771,0
50376,0
3910,0
6274,0
37271,0
46322,0
63582,0
64304,1
33749,0
468,0
21951,0
57858,1
69270,1
21898,0
12829,1
42685,0
71120,0
385,1
759,1
53023,0
22393,0
70692,1
35362,1
63228,0
48680,0
63611,0
13914,1
73736,0
56471,0
2998,0
6310,0
44529,0
69667,0
41155,0
5280,1
61849,0
71281,0
13140,0
66181,0
16071,0
11258,0
1428,0
59316,1
11037,0
56782,0
58363,1
46574,0
63568,0
898,0
47809,0
47570,0
5351,0
8212,0
56781,0
72460,0
46821,1
17543,0
57249,0
20587,0
57699,0
37116,0
4237,1
7443,0
48555,0
16538,0
69728,0
22445,1
52358,1
46837,0
61807,0
42827,0
16233,0
229,0
73471,0
40599,1
278,0
42806,1
63275,0
48633,0
6146,0
21727,0
25273,0
2040,0
4957,0
43638,0
66683,0
35307,1
37695,0
22093,0
37787,1
3018,0
20017,0
66081,0
4032,0
571,1
44334,1
5301,1
2675,0
42328,0
34658,1
14874,1
15261,0
39019,1
29087,0
19889,0
15939,0
86,1
3177,0
12269,0
6198,0
27295,0
24229,0
44442,0
32732,0
52616,0
38786,0
53922,1
15582,1
47323,0
17644,0
14790,0
19731,1
35777,1
52671,0
8488,1
68168,0
57822,0
18065,0
59834,0
14694,0
2415,0
21766,0
2861,0
65277,0
14831,0
44452,0
61505,0
9753,0
15073,1
5396,1
43544,0
67467,1
20371,0
29121,0
7691,1
32955,1
13776,1
56875,0
34991,0
22054,1
26617,0
29851,0
39655,0
10986,0
75129,0
48770,0
53388,0
53026,1
15045,0
1059,1
28084,0
24747,0
7924,1
324,0
5355,0
73706,0
7252,0
23078,0
2072,0
49240,0
67240,0
45626,0
15897,0
76064,0
37583,1
18396,1
44945,1
56866,0
12445,0
5570,1
55071,0
13648,0
60076,0
13309,0
31647,0
69274,0
14604,0
36888,0
5046,0
29428,0
69206,0
10639,1
22731,1
1623,0
46072,0
68479,0
32857,1
58956,1
20876,0
22192,0
31490,0
10285,0
206,1
52034,0
68384,1
72494,0
6622,0
39486,0
66661,0
5017,0
73720,1
36377,0
3624,0
26847,0
60554,0
19956,0
23659,1
897,0
25856,0
12495,0
3225,0
13341,0
5092,0
12047,0
41838,1
21384,1
61969,1
44910,0
55126,0
31720,0
8079,0
5538,0
42263,0
20291,1
3478,0
30265,0
58349,0
22226,0
56857,0
46915,0
32153,0
82,0
12131,1
18112,0
24518,0
232,1
26839,0
454,0
34707,0
59942,0
48070,0
525,0
55731,1
30794,0
42897,0
7697,0
34894,1
13076,0
11962,0
69771,1
48025,0
436,0
309,0
65558,1
51227,0
56433,1
18213,0
45669,0
2367,0
20379,0
20206,0
10975,0
17981,1
13046,0
15347,0
14086,0
20624,0
55747,0
54553,0
14601,1
69652,0
56131,1
1842,0
29629,0
36698,0
10781,0
14181,1
58683,0
19787,0
30208,0
71267,1
74299,0
46724,0
44688,0
44329,0
10565,1
33625,0
19722,0
54083,0
10062,0
27635,0
16514,0
6155,0
27012,0
15980,0
58880,1
61176,1
34253,0
40050,1
8836,0
9018,0
14905,0
50591,0
38245,0
37500,1
40583,0
19448,0
13662,0
1318,1
44635,0
23097,1
11971,0
14533,1
5924,1
26141,0
22526,1
22900,1
18533,0
9927,0
24785,1
3805,0
49232,0
31493,0
44168,0
13127,0
39121,1
23035,0
72389,0
6005,0
66356,0
45150,0
18914,0
7142,1
40605,0
37440,0
54055,0
42431,0
52685,0
60042,0
42513,0
6003,1
2418,0
45381,0
30044,0
18791,0
59120,0
57656,0
8542,0
4302,0
35521,0
24967,0
4737,0
1320,0
16353,0
43831,0
46988,1
19916,1
64561,0
29015,0
22789,0
20719,0
34933,1
23340,0
30499,0
52212,0
49785,0
59402,0
25004,0
23973,0
10157,0
32028,1
2171,1
66652,0
58787,0
52415,0
72244,0
50271,0
12767,1
40979,0
55867,0
63869,0
23350,0
67996,0
70445,1
32933,0
49390,1
51306,0
14353,0
67267,0
45928,1
4498,1
61783,0
3977,0
70235,0
3058,0
33199,1
74837,1
18012,0
57668,0
74911,1
59658,1
3824,1
26684,0
7694,0
57503,1
3263,0
30350,0
16171,1
67903,0
31847,1
40676,0
8245,1
12622,1
22979,1
53038,1
47631,0
72038,1
2823,0
35908,1
54124,0
9076,1
12682,0
49985,0
54999,0
34154,1
21779,0
55119,0
2170,0
2940,0
3959,0
65885,0
13003,0
64997,1
62152,0
31437,0
7144,1
56424,0
1489,0
12993,0
45061,0
75095,0
8530,0
1422,0
44474,1
8555,1
54378,0
24251,0
3056,0
49632,0
28962,0
9785,0
28205,0
42030,0
2141,0
56798,1
11883,1
52789,0
21048,0
18698,1
1655,0
31300,1
35303,1
15579,1
75238,1
41771,0
66484,0
52904,0
54936,0
22109,0
50549,1
18939,1
72924,0
67760,0
10185,1
73810,1
52737,0
24757,0
20217,0
19533,1
18692,0
17749,0
36684,0
1171,0
21036,0
3025,0
67491,1
6113,1
9100,1
15027,0
541,0
31092,0
20259,0
20664,0
13243,1
21243,0
1711,1
28243,0
4560,1
24556,0
64879,0
25241,0
30475,0
49724,0
49131,1
34618,0
62233,0
15382,0
22768,1
1594,0
15649,0
17476,1
6125,0
55484,0
14954,0
46969,1
3426,0
29266,0
36235,0
37550,0
14075,0
65907,1
62328,1
3775,1
26691,1
39639,0
1798,0
73322,0
38763,0
55942,1
23631,0
11744,1
31953,0
62886,0
1351,0
9227,0
71802,0
74781,0
65185,1
65118,0
49789,1
928,0
15374,0
4525,1
16670,0
19664,0
13927,0
50942,0
58311,0
73739,0
7411,0
6558,0
11840,0
73337,1
75320,0
1387,0
25539,0
58067,0
11194,1
33215,0
13468,0
48794,0
57058,0
9491,0
28763,0
36248,1
36071,0
15590,0
332,0
27071,1
36454,0
66720,0
42861,0
54291,1
71304,0
16637,0
70287,0
57712,0
7337,0
1217,0
36254,0
61915,0
18948,1
69433,0
9476,0
59970,0
27928,0
70598,0
53075,0
245,0
47088,0
2399,0
6482,0
3411,0
6258,0
14124,0
73368,0
1533,0
65682,0
60987,0
46615,0
65768,0
27950,1
59685,0
53224,0
25302,0
16133,0
39601,0
41339,1
1667,1
32124,1
4443,0
49071,0
60536,0
63129,0
11593,0
8966,1
60526,0
4381,0
17510,1
64674,0
11934,0
53546,0
67406,1
21459,0
22560,1
14590,0
14787,0
15589,0
10310,0
60224,0
14256,0
59458,0
51793,0
2316,0
10609,0
55015,0
48828,1
17216,0
37376,0
40985,0
6247,0
32378,0
21985,0
50758,0
15798,1
62758,0
20196,0
18537,0
61535,0
31630,1
74397,0
54528,0
4552,0
23265,0
73511,0
46116,0
72743,0
15990,1
38066,1
68073,0
1622,1
24381,0
41841,0
17333,0
53804,0
73661,0
16030,0
59269,0
15774,0
26597,0
42698,1
39763,0
37789,0
27168,0
53966,0
52174,0
14524,0
5173,1
14514,1
22646,0
9158,0
6724,0
7151,0
38314,0
40763,0
14814,0
11647,0
75315,0
46798,1
8307,0
17471,0
57756,1
12749,0
56768,1
37341,0
30201,0
3185,0
36392,0
67345,0
46904,0
47896,0
25016,0
16110,0
63998,1
57720,1
57940,1
10990,1
9318,0
14931,0
4676,0
27314,0
17211,0
27152,0
15820,1
1388,0
46648,0
3845,0
52869,0
1569,1
29938,0
56560,0
24083,0
13713,0
33358,0
58054,1
42676,0
18637,0
38010,0
4145,0
57286,0
35014,0
22775,1
5371,1
65282,0
6636,0
20780,0
53261,1
16955,1
64118,1
50953,1
65838,1
33854,0
56415,0
19795,1
28997,1
53975,0
41217,1
46055,0
3520,0
1167,0
69856,0
39959,0
3523,0
46266,0
777,0
41919,1
135,0
36598,0
43510,0
14932,0
41450,1
26594,0
2520,1
72843,0
33728,0
71646,0
25404,0
23741,1
63352,0
50554,1
69166,0
29335,1
58146,1
69549,0
28093,0
28389,0
12297,0
17318,1
66011,0
5352,0
12145,0
26938,1
22183,0
55856,1
20071,0
76169,1
15500,1
13603,0
74697,1
62919,0
20292,0
69366,0
72304,0
30976,0
41021,0
4097,0
17504,0
45803,1
7902,1
20436,0
54269,0
12302,1
28040,1
44156,0
37861,0
4518,1
68469,0
41342,1
6055,0
1425,1
34744,0
2955,0
12937,1
67561,0
56410,0
30774,0
49198,0
4836,0
67990,0
8910,0
46769,1
18189,0
64424,0
55014,0
572,0
48969,0
66703,0
20581,0
11349,1
7671,0
13826,1
16574,0
4845,0
4082,0
55073,0
35964,0
26281,0
66561,0
612,1
26850,0
72336,0
75388,1
1423,0
26669,0
31605,0
8707,0
25412,0
1392,0
62679,0
24634,0
49818,0
30330,0
76171,0
18050,0
7742,0
41578,1
39238,0
65763,1
48263,0
45737,0
59062,0
3275,0
282,0
45109,0
33705,0
24792,1
24302,0
27938,1
35834,0
4819,1
60918,0
74023,1
44847,0
53395,0
76190,0
47635,0
45064,0
18242,0
26683,0
54547,1
35252,0
20653,0
23092,0
46842,0
5185,0
36976,0
19226,0
25047,0
40996,0
61542,1
64409,1
20061,0
8127,1
45138,0
53187,0
54743,0
44042,0
8617,0
61747,0
11089,0
39582,0
49807,0
29788,0
33161,0
5152,0
68930,0
9378,0
37381,0
8424,0
71430,0
20466,0
46003,1
11051,0
36212,1
25880,0
67368,0
58730,0
44793,0
15940,1
36693,1
1157,0
15122,1
31485,1
3811,0
37704,1
28488,0
5289,0
39257,1
4227,0
2614,1
10892,1
52205,0
75091,0
18837,0
1307,1
49523,0
15274,0
21052,1
24936,0
55495,1
569,0
73206,1
6757,0
39906,1
64485,0
69676,0
44690,0
67703,0
42399,0
35911,0
20068,0
33875,0
70206,0
47497,1
65433,1
20218,0
17662,1
42186,0
27129,1
28563,0
36981,0
22706,1
37928,1
60653,1
33793,0
52806,0
64407,0
12326,0
58854,0
63193,0
4530,0
14430,0
6187,1
54406,0
3022,0
62903,0
3499,0
1965,0
7981,0
1959,1
49441,1
33981,1
8161,1
6397,0
10701,0
41683,1
42805,0
27619,0
5778,1
24601,1
3133,1
10910,1
31397,0
32279,0
2862,0
17246,0
7356,1
26404,0
64865,0
49119,0
12255,0
17297,0
50153,0
14867,0
65065,0
52520,0
75892,0
9759,0
42189,1
1041,0
43673,0
75138,0
11641,0
977,0
58685,1
34284,0
46119,0
45856,1
71173,1
20665,1
45520,0
31910,0
12679,0
16243,0
5332,0
51928,0
60352,0
44605,0
32512,0
5587,0
983,0
7718,0
26325,0
35960,0
1800,1
69890,0
57642,0
6499,0
29161,0
40948,0
39961,1
32002,0
44481,0
75729,0
75735,1
16470,0
54790,0
27798,0
37955,0
22600,0
1675,0
42689,0
52344,0
10482,0
70907,1
52364,0
59571,0
56343,0
18494,0
48386,0
25479,0
4818,1
67868,1
794,0
387,0
40619,0
7762,0
13841,0
75374,0
31919,0
47195,0
29129,1
38969,0
60272,0
21852,1
17275,1
8496,0
36467,1
59553,0
23122,1
40333,1
71396,0
35945,1
1201,0
3026,0
11286,0
22210,0
2537,0
58780,1
29227,0
9226,0
6419,1
14200,1
6807,0
19370,0
50738,1
54252,0
40733,0
5427,0
5489,0
25188,0
66421,1
5674,0
34120,0
25537,1
42172,0
3531,0
52752,0
56178,0
1773,0
72557,0
60110,0
51328,1
17590,0
11696,0
5329,0
59554,0
36627,1
27322,1
69272,0
71759,1
116,0
7701,0
63079,0
12948,1
21340,0
60353,0
28232,0
6369,0
30762,0
8796,0
29120,0
28680,1
1897,1
48407,1
66020,0
24646,1
30495,0
12886,0
22836,0
69576,0
6573,1
35052,0
35118,0
10877,0
13715,0
61446,0
9959,0
7494,0
75210,0
3193,0
26159,1
48526,1
24056,0
14811,1
12457,1
47525,1
7420,0
59992,1
45496,0
3906,0
60842,1
68241,0
25021,0
12241,1
30773,0
29503,0
60177,0
8752,1
28637,0
57401,0
9365,0
41254,0
54108,0
47327,0
36002,0
3773,0
29046,0
64299,0
53383,0
75673,0
28996,0
53527,0
55707,0
10438,0
52646,0
33431,0
10880,0
35641,0
21977,1
3960,0
138,1
18419,0
20053,0
14809,0
23402,0
35123,1
1310,0
60716,1
42947,0
69157,0
11340,0
23419,0
31888,1
5664,0
55254,0
46152,1
47095,0
29096,1
17828,0
38617,1
56211,0
17015,1
701,0
2459,0
55490,0
22355,0
13108,0
17865,0
22714,1
19848,0
75563,0
9583,0
46857,0
71812,0
6576,0
672,1
70953,0
51535,0
8392,0
6255,1
29831,0
11533,0
30936,0
12324,0
40484,1
24265,1
49797,0
14313,0
9028,0
2335,0
